74 -> 74
98 -> 98
АДЫГЕЯ РЕСП -> АДЫГЕЯ
АЛТАЙСКИЙ -> АЛТАЙСК
АЛТАЙСКИЙ КРАЙ -> АЛТАЙСК
АМУРСКАЯ ОБЛ -> АМУРСК
АМУРСКАЯ ОБЛАСТЬ -> АМУРСК
АО НЕНЕЦКИЙ -> НЕНЕЦК
АО ХАНТЫ-МАНСИЙСКИЙ АВТОНОМНЫЙ ОКРУГ - Ю -> ХАНТЫМАНСИЙСК
АО ЯМАЛО-НЕНЕЦКИЙ -> ЯМАЛОНЕНЕЦК
АОБЛ ЕВРЕЙСКАЯ -> ЕВРЕЙСК
АРХАНГЕЛЬСКАЯ -> АРХАНГЕЛЬСК
АРХАНГЕЛЬСКАЯ ОБЛ -> АРХАНГЕЛЬСК
АРХАНГЕЛЬСКАЯ ОБЛАСТЬ -> АРХАНГЕЛЬСК
АСТРАХАНСКАЯ -> АСТРАХАНСК
АСТРАХАНСКАЯ ОБЛ -> АСТРАХАНСК
АСТРАХАНСКАЯ ОБЛАСТЬ -> АСТРАХАНСК
БАШКОРТОСТАН -> БАШКОРТОСТАН
БАШКОРТОСТАН РЕСП -> БАШКОРТОСТАН
БЕЛГОРОДСКАЯ ОБЛ -> БЕЛГОРОДСК
БЕЛГОРОДСКАЯ ОБЛАСТЬ -> БЕЛГОРОДСК
БРЯНСКАЯ ОБЛ -> БРЯНСК
БРЯНСКАЯ ОБЛАСТЬ -> БРЯНСК
БРЯНСКИЙ -> БРЯНСК
БУРЯТИЯ -> БУРЯТИЯ
БУРЯТИЯ РЕСП -> БУРЯТИЯ
ВЛАДИМИРСКАЯ ОБЛ -> ВЛАДИМИРСК
ВЛАДИМИРСКАЯ ОБЛАСТЬ -> ВЛАДИМИРСК
ВОЛГОГРАДСКАЯ ОБЛ -> ВОЛГОГРАДСК
ВОЛГОГРАДСКАЯ ОБЛАСТЬ -> ВОЛГОГРАДСК
ВОЛОГОДСКАЯ -> ВОЛОГОДСК
ВОЛОГОДСКАЯ ОБЛ -> ВОЛОГОДСК
ВОЛОГОДСКАЯ ОБЛ. -> ВОЛОГОДСК
ВОЛОГОДСКАЯ ОБЛАСТЬ -> ВОЛОГОДСК
ВОРОНЕЖСКАЯ ОБЛ -> ВОРОНЕЖСК
ВОРОНЕЖСКАЯ ОБЛАСТЬ -> ВОРОНЕЖСК
Г МОСКВА -> МОСКВА
Г. МОСКВА -> МОСКВА
Г. САНКТ-ПЕТЕРБУРГ -> САНКТПЕТЕРБУРГ
Г.МОСКВА -> МОСКВА
ГОРЬКОВСКАЯ ОБЛ -> ГОРЬКОВСК
ГУСЬ-ХРУСТАЛЬНЫЙ Р-Н -> ГУСЬХРУСТАЛЬН
ДАГЕСТАН РЕСП -> ДАГЕСТАН
ЕВРЕЙСКАЯ АВТОНОМНАЯ -> ЕВРЕЙСК
ЕВРЕЙСКАЯ АОБЛ -> ЕВРЕЙСК
ЗАБАЙКАЛЬСКИЙ КРАЙ -> ЗАБАЙКАЛЬСК
ИВАНОВСКАЯ ОБЛ -> ИВАНОВСК
ИВАНОВСКАЯ ОБЛАСТЬ -> ИВАНОВСК
ИНГУШЕТИЯ РЕСП -> ИНГУШЕТИЯ
ИРКУТСКАЯ ОБЛ -> ИРКУТСК
ИРКУТСКАЯ ОБЛАСТЬ -> ИРКУТСК
КАБАРДИНО-БАЛКАРСКАЯ -> КАБАРДИНОБАЛКАРСК
КАБАРДИНО-БАЛКАРСКАЯ РЕСП -> КАБАРДИНОБАЛКАРСК
КАЛИНИНГРАДСКАЯ ОБЛ -> КАЛИНИНГРАДСК
КАЛИНИНГРАДСКАЯ ОБЛ. -> КАЛИНИНГРАДСК
КАЛМЫКИЯ -> КАЛМЫКИЯ
КАЛМЫКИЯ РЕСП -> КАЛМЫКИЯ
КАЛУЖСКАЯ -> КАЛУЖСК
КАЛУЖСКАЯ ОБЛ -> КАЛУЖСК
КАЛУЖСКАЯ ОБЛАСТЬ -> КАЛУЖСК
КАМЧАТСКАЯ ОБЛАСТЬ -> КАМЧАТСК
КАМЧАТСКИЙ КРАЙ -> КАМЧАТСК
КАРАЧАЕВО-ЧЕРКЕССКАЯ РЕСП -> КАРАЧАЕВОЧЕРКЕССК
КАРЕЛИЯ -> КАРЕЛИЯ
КАРЕЛИЯ РЕСП -> КАРЕЛИЯ
КЕМЕРОВСКАЯ ОБЛ -> КЕМЕРОВСК
КЕМЕРОВСКАЯ ОБЛАСТЬ -> КЕМЕРОВСК
КИРОВСКАЯ ОБЛ -> КИРОВСК
КИРОВСКАЯ ОБЛАСТЬ -> КИРОВСК
КОМИ -> КОМИ
КОМИ РЕСП -> КОМИ
КОСТРОМСКАЯ ОБЛ -> КОСТРОМСК
КОСТРОМСКАЯ ОБЛАСТЬ -> КОСТРОМСК
КРАЙ АЛТАЙСКИЙ -> АЛТАЙСК
КРАЙ ЗАБАЙКАЛЬСКИЙ -> ЗАБАЙКАЛЬСК
КРАЙ КАМЧАТСКИЙ -> КАМЧАТСК
КРАЙ КРАСНОДАРСКИЙ -> КРАСНОДАРСК
КРАЙ КРАСНОЯРСКИЙ -> КРАСНОЯРСК
КРАЙ ПЕРМСКИЙ -> ПЕРМСК
КРАЙ ПРИМОРСКИЙ -> ПРИМОРСК
КРАЙ СТАВРОПОЛЬСКИЙ -> СТАВРОПОЛЬСК
КРАЙ ХАБАРОВСКИЙ -> ХАБАРОВСК
КРАЙ. КРАСНОЯРСКИЙ -> КРАСНОЯРСК
КРАЙ. ПЕРМСКИЙ -> ПЕРМСК
КРАЙ. СТАВРОПОЛЬСКИЙ -> СТАВРОПОЛЬСК
КРАСНОДАРСКИЙ -> КРАСНОДАРСК
КРАСНОДАРСКИЙ КРАЙ -> КРАСНОДАРСК
КРАСНОЯРСКИЙ КРАЙ -> КРАСНОЯРСК
КУРГАНСКАЯ ОБЛ -> КУРГАНСК
КУРГАНСКАЯ ОБЛАСТЬ -> КУРГАНСК
КУРСКАЯ ОБЛ -> КУРСК
КУРСКАЯ ОБЛАСТЬ -> КУРСК
ЛЕНИНГРАДСКАЯ -> ЛЕНИНГРАДСК
ЛЕНИНГРАДСКАЯ ОБЛ -> ЛЕНИНГРАДСК
ЛЕНИНГРАДСКАЯ ОБЛАСТЬ -> ЛЕНИНГРАДСК
ЛИПЕЦКАЯ ОБЛ -> ЛИПЕЦК
ЛИПЕЦКАЯ ОБЛАСТЬ -> ЛИПЕЦК
МАГАДАНСКАЯ ОБЛАСТЬ -> МАГАДАНСК
МАРИЙ ЭЛ РЕСП -> МАРИЙЭЛ
МОРДОВИЯ РЕСП -> МОРДОВИЯ
МОСКВА -> МОСКВА
МОСКВА Г -> МОСКВА
МОСКОВСКАЯ -> МОСКОВСК
МОСКОВСКАЯ ОБЛ -> МОСКОВСК
МОСКОВСКАЯ ОБЛАСТЬ -> МОСКОВСК
МУРМАНСКАЯ ОБЛ -> МУРМАНСК
МУРМАНСКАЯ ОБЛАСТЬ -> МУРМАНСК
МЫТИЩИНСКИЙ Р-Н -> МЫТИЩИНСК
НЕНЕЦКИЙ АО -> НЕНЕЦК
НИЖЕГОРОДСКАЯ ОБЛ -> НИЖЕГОРОДСК
НИЖЕГОРОДСКАЯ ОБЛАСТЬ -> НИЖЕГОРОДСК
НОВГОРОДСКАЯ ОБЛ -> НОВГОРОДСК
НОВГОРОДСКАЯ ОБЛАСТЬ -> НОВГОРОДСК
НОВОСИБИРСКАЯ -> НОВОСИБИРСК
НОВОСИБИРСКАЯ ОБЛ -> НОВОСИБИРСК
НОВОСИБИРСКАЯ ОБЛАСТЬ -> НОВОСИБИРСК
ОБЛ АМУРСКАЯ -> АМУРСК
ОБЛ АРХАНГЕЛЬСКАЯ -> АРХАНГЕЛЬСК
ОБЛ АСТРАХАНСКАЯ -> АСТРАХАНСК
ОБЛ БЕЛГОРОДСКАЯ -> БЕЛГОРОДСК
ОБЛ БРЯНСКАЯ -> БРЯНСК
ОБЛ ВЛАДИМИРСКАЯ -> ВЛАДИМИРСК
ОБЛ ВОЛГОГРАДСКАЯ -> ВОЛГОГРАДСК
ОБЛ ВОЛОГОДСКАЯ -> ВОЛОГОДСК
ОБЛ ВОРОНЕЖСКАЯ -> ВОРОНЕЖСК
ОБЛ ИВАНОВСКАЯ -> ИВАНОВСК
ОБЛ ИРКУТСКАЯ -> ИРКУТСК
ОБЛ КАЛИНИНГРАДСКАЯ -> КАЛИНИНГРАДСК
ОБЛ КАЛУЖСКАЯ -> КАЛУЖСК
ОБЛ КЕМЕРОВСКАЯ -> КЕМЕРОВСК
ОБЛ КИРОВСКАЯ -> КИРОВСК
ОБЛ КОСТРОМСКАЯ -> КОСТРОМСК
ОБЛ КУРГАНСКАЯ -> КУРГАНСК
ОБЛ КУРСКАЯ -> КУРСК
ОБЛ ЛЕНИНГРАДСКАЯ -> ЛЕНИНГРАДСК
ОБЛ ЛИПЕЦКАЯ -> ЛИПЕЦК
ОБЛ МАГАДАНСКАЯ -> МАГАДАНСК
ОБЛ МОСКОВСКАЯ -> МОСКОВСК
ОБЛ МУРМАНСКАЯ -> МУРМАНСК
ОБЛ НИЖЕГОРОДСКАЯ -> НИЖЕГОРОДСК
ОБЛ НОВГОРОДСКАЯ -> НОВГОРОДСК
ОБЛ НОВОСИБИРСКАЯ -> НОВОСИБИРСК
ОБЛ ОМСКАЯ -> ОМСК
ОБЛ ОРЕНБУРГСКАЯ -> ОРЕНБУРГСК
ОБЛ ОРЛОВСКАЯ -> ОРЛОВСК
ОБЛ ПЕНЗЕНСКАЯ -> ПЕНЗЕНСК
ОБЛ ПСКОВСКАЯ -> ПСКОВСК
ОБЛ РОСТОВСКАЯ -> РОСТОВСК
ОБЛ РЯЗАНСКАЯ -> РЯЗАНСК
ОБЛ САМАРСКАЯ -> САМАРСК
ОБЛ САРАТОВСКАЯ -> САРАТОВСК
ОБЛ САХАЛИНСКАЯ -> САХАЛИНСК
ОБЛ СВЕРДЛОВСКАЯ -> СВЕРДЛОВСК
ОБЛ СМОЛЕНСКАЯ -> СМОЛЕНСК
ОБЛ ТАМБОВСКАЯ -> ТАМБОВСК
ОБЛ ТВЕРСКАЯ -> ТВЕРСК
ОБЛ ТОМСКАЯ -> ТОМСК
ОБЛ ТУЛЬСКАЯ -> ТУЛЬСК
ОБЛ ТЮМЕНСКАЯ -> ТЮМЕНСК
ОБЛ УЛЬЯНОВСКАЯ -> УЛЬЯНОВСК
ОБЛ ЧЕЛЯБИНСКАЯ -> ЧЕЛЯБИНСК
ОБЛ ЯРОСЛАВСКАЯ -> ЯРОСЛАВСК
ОБЛ. ВЛАДИМИРСКАЯ -> ВЛАДИМИРСК
ОБЛ. КУРГАНСКАЯ -> КУРГАНСК
ОБЛ. СВЕРДЛОВСКАЯ -> СВЕРДЛОВСК
ОБЛ.НИЖЕГОРОДСКАЯ -> НИЖЕГОРОДСК
ОБЛ.РОСТОВСКАЯ -> РОСТОВСК
ОБЛ.САРАТОВСКАЯ -> САРАТОВСК
ОМСКАЯ -> ОМСК
ОМСКАЯ ОБЛ -> ОМСК
ОМСКАЯ ОБЛАСТЬ -> ОМСК
ОРЁЛ -> ОРЁЛ
ОРЕНБУРГСКАЯ ОБЛ -> ОРЕНБУРГСК
ОРЕНБУРГСКАЯ ОБЛАСТЬ -> ОРЕНБУРГСК
ОРЛОВСКАЯ ОБЛ -> ОРЛОВСК
ОРЛОВСКАЯ ОБЛАСТЬ -> ОРЛОВСК
ПЕНЗЕНСКАЯ ОБЛ -> ПЕНЗЕНСК
ПЕНЗЕНСКАЯ ОБЛАСТЬ -> ПЕНЗЕНСК
ПЕРМСКАЯ ОБЛ -> ПЕРМСК
ПЕРМСКИЙ -> ПЕРМСК
ПЕРМСКИЙ КРАЙ -> ПЕРМСК
ПРИВОЛЖСКИЙ ФЕДЕРАЛЬНЫЙ ОКРУГ -> ПРИВОЛЖСК
ПРИМОРСКИЙ КРАЙ -> ПРИМОРСК
ПСКОВСКАЯ ОБЛ -> ПСКОВСК
ПСКОВСКАЯ ОБЛАСТЬ -> ПСКОВСК
РЕСП АДЫГЕЯ -> АДЫГЕЯ
РЕСП АЛТАЙ -> АЛТАЙ
РЕСП БАШКОРТОСТАН -> БАШКОРТОСТАН
РЕСП БУРЯТИЯ -> БУРЯТИЯ
РЕСП ДАГЕСТАН -> ДАГЕСТАН
РЕСП ИНГУШЕТИЯ -> ИНГУШЕТИЯ
РЕСП КАБАРДИНО-БАЛКАРСКАЯ -> КАБАРДИНОБАЛКАРСК
РЕСП КАЛМЫКИЯ -> КАЛМЫКИЯ
РЕСП КАРАЧАЕВО-ЧЕРКЕССКАЯ -> КАРАЧАЕВОЧЕРКЕССК
РЕСП КАРЕЛИЯ -> КАРЕЛИЯ
РЕСП КОМИ -> КОМИ
РЕСП МАРИЙ ЭЛ -> МАРИЙЭЛ
РЕСП МОРДОВИЯ -> МОРДОВИЯ
РЕСП САХА /ЯКУТИЯ/ -> САХАЯКУТИЯ
РЕСП СЕВЕРНАЯ ОСЕТИЯ - АЛАНИЯ -> СЕВЕРНАЯОСЕТИЯАЛАНИЯ
РЕСП ТАТАРСТАН -> ТАТАРСТАН
РЕСП ТЫВА -> ТЫВА
РЕСП УДМУРТСКАЯ -> УДМУРТСК
РЕСП ХАКАСИЯ -> ХАКАСИЯ
РЕСП ЧЕЧЕНСКАЯ -> ЧЕЧЕНСК
РЕСП ЧУВАШСКАЯ - ЧУВАШИЯ -> ЧУВАШСКАЯЧУВАШИЯ
РЕСП. БАШКОРТОСТАН -> БАШКОРТОСТАН
РЕСП. КОМИ -> КОМИ
РЕСП. САХА (ЯКУТИЯ) -> САХАЯКУТИЯ
РЕСП.БАШКОРТОСТАН -> БАШКОРТОСТАН
РЕСПУБЛИКА АДЫГЕЯ -> АДЫГЕЯ
РЕСПУБЛИКА АЛТАЙ -> АЛТАЙ
РЕСПУБЛИКА БУРЯТИЯ -> БУРЯТИЯ
РЕСПУБЛИКА ДАГЕСТАН -> ДАГЕСТАН
РЕСПУБЛИКА КАЛМЫКИЯ -> КАЛМЫКИЯ
РЕСПУБЛИКА КАРЕЛИЯ -> КАРЕЛИЯ
РЕСПУБЛИКА КОМИ -> КОМИ
РЕСПУБЛИКА МАРИЙ ЭЛ -> МАРИЙЭЛ
РЕСПУБЛИКА МОРДОВИЯ -> МОРДОВИЯ
РЕСПУБЛИКА ТАТАРСТАН -> ТАТАРСТАН
РЕСПУБЛИКА ТЫВА -> ТЫВА
РЕСПУБЛИКАТАТАРСТАН -> ТАТАРСТАН
РОССИЯ -> РОССИЯ
РОСТОВСКАЯ -> РОСТОВСК
РОСТОВСКАЯ ОБЛ -> РОСТОВСК
РОСТОВСКАЯ ОБЛАСТЬ -> РОСТОВСК
РЯЗАНСКАЯ ОБЛ -> РЯЗАНСК
РЯЗАНСКАЯ ОБЛАСТЬ -> РЯЗАНСК
САМАРСКАЯ -> САМАРСК
САМАРСКАЯ ОБЛ -> САМАРСК
САМАРСКАЯ ОБЛАСТЬ -> САМАРСК
САНКТ-ПЕТЕРБУРГ -> САНКТПЕТЕРБУРГ
САНКТ-ПЕТЕРБУРГ Г -> САНКТПЕТЕРБУРГ
САРАТОВСКАЯ ОБЛ -> САРАТОВСК
САРАТОВСКАЯ ОБЛАСТЬ -> САРАТОВСК
САХА /ЯКУТИЯ/ -> САХАЯКУТИЯ
САХА /ЯКУТИЯ/ РЕСП -> САХАЯКУТИЯ
САХАЛИНСКАЯ ОБЛ -> САХАЛИНСК
САХАЛИНСКАЯ ОБЛАСТЬ -> САХАЛИНСК
СВЕРДЛОВСКАЯ -> СВЕРДЛОВСК
СВЕРДЛОВСКАЯ ОБЛ -> СВЕРДЛОВСК
СВЕРДЛОВСКАЯ ОБЛАСТЬ -> СВЕРДЛОВСК
СЕВ. ОСЕТИЯ - АЛАНИЯ -> СЕВОСЕТИЯАЛАНИЯ
СЕВЕРНАЯ ОСЕТИЯ - АЛАНИЯ РЕСП -> СЕВЕРНАЯОСЕТИЯАЛАНИЯ
СМОЛЕНСКАЯ ОБЛ -> СМОЛЕНСК
СМОЛЕНСКАЯ ОБЛАСТЬ -> СМОЛЕНСК
СТАВРОПОЛЬСКИЙ -> СТАВРОПОЛЬСК
СТАВРОПОЛЬСКИЙ КРАЙ -> СТАВРОПОЛЬСК
ТАМБОВСКАЯ ОБЛ -> ТАМБОВСК
ТАМБОВСКАЯ ОБЛАСТЬ -> ТАМБОВСК
ТАТАРСТАН РЕСП -> ТАТАРСТАН
ТВЕРСКАЯ ОБЛ -> ТВЕРСК
ТВЕРСКАЯ ОБЛАСТЬ -> ТВЕРСК
ТОМСКАЯ -> ТОМСК
ТОМСКАЯ ОБЛ -> ТОМСК
ТОМСКАЯ ОБЛАСТЬ -> ТОМСК
ТУЛЬСКАЯ ОБЛ -> ТУЛЬСК
ТУЛЬСКАЯ ОБЛАСТЬ -> ТУЛЬСК
ТЫВА РЕСП -> ТЫВА
ТЮМЕНСКАЯ -> ТЮМЕНСК
ТЮМЕНСКАЯ ОБЛ -> ТЮМЕНСК
ТЮМЕНСКАЯ ОБЛАСТЬ -> ТЮМЕНСК
УДМУРТСКАЯ РЕСП -> УДМУРТСК
УДМУРТСКАЯ РЕСПУБЛИКА -> УДМУРТСК
УЛЬЯНОВСКАЯ ОБЛ -> УЛЬЯНОВСК
УЛЬЯНОВСКАЯ ОБЛАСТЬ -> УЛЬЯНОВСК
ХАБАРОВСКИЙ КРАЙ -> ХАБАРОВСК
ХАКАСИЯ -> ХАКАСИЯ
ХАКАСИЯ РЕСП -> ХАКАСИЯ
ХАНТЫ-МАНСИЙСКИЙ АВТОНОМНЫЙ ОКРУГ - ЮГРА -> ХАНТЫМАНСИЙСКИЙЮГРА
ХАНТЫ-МАНСИЙСКИЙ АО -> ХАНТЫМАНСИЙСК
ЧЕЛЯБИНСКАЯ ОБЛ -> ЧЕЛЯБИНСК
ЧЕЛЯБИНСКАЯ ОБЛАСТЬ -> ЧЕЛЯБИНСК
ЧЕЧЕНСКАЯ РЕСП -> ЧЕЧЕНСК
ЧЕЧЕНСКАЯ РЕСПУБЛИКА -> ЧЕЧЕНСК
ЧИТИНСКАЯ ОБЛ -> ЧИТИНСК
ЧУВАШИЯ ЧУВАШСКАЯ РЕСПУБЛИКА - -> ЧУВАШИЯЧУВАШСК
ЧУВАШСКАЯ - ЧУВАШИЯ РЕСП -> ЧУВАШСКАЯЧУВАШИЯ
ЧУВАШСКАЯ РЕСП -> ЧУВАШСК
ЧУВАШСКАЯ РЕСПУБЛИКА -> ЧУВАШСК
ЧУВАШСКАЯ РЕСПУБЛИКА - ЧУВАШИЯ -> ЧУВАШСКАЯЧУВАШИЯ
ЧУКОТСКИЙ АО -> ЧУКОТСК
ЯМАЛО-НЕНЕЦКИЙ АО -> ЯМАЛОНЕНЕЦК
ЯРОСЛАВСКАЯ ОБЛ -> ЯРОСЛАВСК
ЯРОСЛАВСКАЯ ОБЛАСТЬ -> ЯРОСЛАВСК
